num|name|t|r|a|e|cost|pre|tags|vp|deck|text|text_action|text_effect|text_vp|php
#project cards
#set _tr=text
#set _tr=text_action
#set _tr=text_effect
#set _tr=text_vp
#set id=card_main_{num}
#set location=deck_main
#set create=single
#set type=card main venus_main e{deck}
213|Aerial Mappers|2||ores(Floater)/(nres:draw)||11||Venus|1|Venus||Add 1 floater to ANY card, or spend 1 floater here to draw 1 card.|||'holds' => 'Floater'
214|Aerosport Tournament|3|counter(all_city) m|||7|resFloater>=5|Event|1|Venus|Requires that you have 5 floaters. Gain 1 M€ for each city tile in play.||||
215|Air-Scrapping Expedition|3|v,3ores(Floater,Venus)|||13||Venus Event|0|Venus|Raise Venus 1 step. Add 3 floaters to ANY Venus card.||||
216|Atalanta Planitia Lab|1|2draw|||10|tagScience>=3|Science Venus|2|Venus|Requires 3 science tags. Draw 2 cards.||||
217|Atmoscoop|1|(2t/2v),2ores(Floater)|||22|tagScience>=3|Space Jovian|1|Venus|Requires 3 science tags. Either raise the temperature 2 steps, or raise Venus 2 steps. Add 2 floaters to ANY card.||||
218|Comet for Venus|3|v,4nm_Any(Venus)|||11||Space Event|0|Venus|Raise Venus 1 step. Remove up to 4 M€ from any player WITH A VENUS TAG IN PLAY.||||
219|Corroder Suits|1|2pm,ores(Any,Venus)|||8||Venus|0|Venus|Increase your M€ production 2 steps. Add 1 resource to ANY Venus card.||||
220|Dawn City|1|npe,pu,city('Dawn City')|||15|tagScience>=4|City Space|3|Venus|Requires 4 science tags. Decrease your energy production 1 step. Increase your titanium production 1 step. Place a city tile on the RESERVED AREA.||||
221|Deuterium Export|2||res/(nres:pe)||11||Space Energy Venus|0|Venus||Add 1 floater to this card, OR spend 1 floater here to increase your energy production 1 step.|||'holds' => 'Floater'
222|Dirigibles|2||ores(Floater)||11||Venus|0|Venus||Add 1 floater to ANY card.|When playing a Venus tag, floaters here may be used as payment, and are worth 3 M€ each.||'holds' => 'Floater'
223|Extractor Balloons|2|3res|res/(2nres:v)||21||Venus|0|Venus|Add 3 floaters to this card.|Add 1 floater to this card, or remove 2 floaters here to raise Venus 1 step.|||'holds' => 'Floater'
224|Extremophiles|2||ores(Microbe)||3|tagScience>=2|Microbe Venus|resCard/3|Venus|Requires 2 science tags.|Add 1 microbe to ANY card.||1 VP per 3 microbes on this card.|'holds' => 'Microbe'
225|Floating Habs|2||2nm:ores(Floater)||5|tagScience>=2|Venus|resCard/2|Venus|Requires 2 science tags.|Spend 2 M€ to add 1 floater to ANY card.||1 VP per 2 floaters on this card.|'holds' => 'Floater'
226|Forced Precipitation|2||(2nm:res)/(2nres:v)||8||Venus|0|Venus||Spend 2 M€ to add 1 floater to this card, OR spend 2 floaters here to increase Venus 1 step.|||'holds' => 'Floater'
227|Freyja Biodomes|1|npe,2pm,(2ores(Microbe,Venus)/2ores(Animal,Venus))|||14|v>=10|Plant Venus|2|Venus|Requires Venus 10%. Add 2 microbes or 2 animals to ANOTHER Venus card. Decrease your energy production 1 step and increase your M€ production 2 steps.||||
228|GHG Import From Venus|3|v,3ph|||23||Space Venus Event|0|Venus|Raise Venus 1 step. Increase your heat production 3 steps.||||
229|Giant Solar Shade|1|3v|||27||Space Venus|0|Venus|Raise Venus 3 steps.||||
230|Gyropolis|1|2npe,counter('tagVenus+tagEarth') pm,city|||20||Building City|0|Venus|Decrease your energy production 2 steps. Increase your M€ production 1 step for each Venus and Earth tag you have. Place a city tile.||||
231|Hydrogen to Venus|3|v,counter(tagJovian) ores(Floater,Venus)|||11||Space Event|0|Venus|Raise Venus 1 step. Add 1 floater to A Venus card for each Jovian tag you have.||||
232|Io Sulphur Research|1|counter('((tagVenus>=3)*2)+1'),draw|||17||Jovian Science|2|Venus|Draw 1 card, or draw 3 if you have at least 3 Venus tags.||||
233|Ishtar Mining|1|pu|||5|v>=8|Venus|0|Venus|Requires Venus 8%. Increase your titanium production 1 step.||||
234|Jet Stream Microscrappers|2||(nu:2res)/(2nres:v)||12||Venus|0|Venus||Spend 1 titanium to add 2 floaters here, OR spend 2 floaters here to raise Venus 1 step.|||'holds' => 'Floater'
235|Local Shading|2||res/(nres:pm)||4||Venus|0|Venus||Add 1 floater to this card, or spend 1 floater here to raise your M€ production 1 step.|||'holds' => 'Floater'
236|Luna Metropolis|1|counter(tagEarth) pm,city('Luna Metropolis')|||21||City Earth Space|2|Venus|Increase your M€ production 1 step for each Earth tag you have, including this. Place a city tile on the RESERVED AREA.||||
237|Luxury Foods|1||||8|((((tagVenus>0) + (tagEarth>0)) + (tagJovian>0)) + tagWild) >= 3||2|Venus|Requires that you have a Venus tag, an Earth tag and a Jovian tag.||||
238|Maxwell Base|2|npe,city('Maxwell Base')|ores(Any,Venus)||18|v>=12|City Venus|3|Venus|Requires Venus 12%. Decrease your energy production 1 step. Place a city tile ON THE RESERVED AREA.|Add 1 resource to ANOTHER Venus card.|||
239|Mining Quota|1|2ps|||5|((((tagVenus>0) + (tagEarth>0)) + (tagJovian>0)) + tagWild) >= 3|Building|0|Venus|Requires Venus, Earth and Jovian tags. Increase your steel production 2 steps.||||
240|Neutralizer Factory|1|v|||7|v>=10|Venus|0|Venus|Requires Venus 10%. Increase the Venus track 1 step.||||
241|Omnicourt|1|2tr|||11|((((tagVenus>0) + (tagEarth>0)) + (tagJovian>0)) + tagWild) >= 3|Building|0|Venus|Requires Venus, Earth and Jovian tags. Increase your TR 2 steps.||||
242|Orbital Reflectors|1|2v,2ph|||26||Space Venus|0|Venus|Raise Venus 2 steps. Increase your heat production 2 steps.||||
243|Rotator Impacts|2||(6nmu:res)/(nres:v)||6|v<=14|Space|0|Venus|Venus must be 14% or lower.|Spend 6 M€ to add an asteroid resource to this card (TITANIUM MAY BE USED), or spend 1 resource from this card to increase Venus 1 step.|||'holds' => 'Asteroid'
244|Sister Planet Support|1|3pm|||7|(((tagVenus>0) + (tagEarth>0)) + tagWild) >= 2|Earth Venus|0|Venus|Requires Venus and Earth tags. Increase your M€ production 3 steps.||||
245|Solarnet|1|2draw|||7|((((tagVenus>0) + (tagEarth>0)) + (tagJovian>0)) + tagWild) >= 3||1|Venus|Requires Venus, Earth and Jovian tags. Draw 2 cards.||||
246|Spin-Inducing Asteroid|3|2v|||16|v<=10|Space Event|0|Venus|Venus must be 10% or lower. Raise Venus 2 steps.||||
247|Sponsored Academies|1|discard,3draw,draw_opp|||9||Earth Science|1|Venus|Discard 1 card from your hand and THEN draw 3 cards. All OPPONENTS draw 1 card.||||
248|Stratopolis|2|2pm,city('Stratopolis')|2ores(Floater,Venus)||22|tagScience>=2|City Venus|resCard/3|Venus|Requires 2 science tags. Increase your M€ production 2 steps. Place a city tile ON THE RESERVED AREA.|Add 2 floaters to ANY Venus card.||1 VP per 3 floaters on this card.|'holds' => 'Floater'
249|Stratospheric Birds|2|nres(Floater)|res||12|v>=12|Animal Venus|resCard|Venus|Requires Venus 12% and that you spend 1 floater from any card.|Add 1 animal to this card.||1 VP per animal on this card.|'holds' => 'Animal'
250|Sulphur Exports|1|v,counter(tagVenus) pm|||21||Space Venus|0|Venus|Increase Venus 1 step. Increase your M€ production 1 step for each Venus tag you have, including this.||||
251|Sulphur-Eating Bacteria|2||res/(counter(resCard,1):(nres,m,m,m))||6|v>=6|Microbe Venus|0|Venus|Requires Venus 6%.|Add 1 microbe to this card, or spend any number of microbes here to gain triple amount of M€.|||'holds' => 'Microbe'
252|Terraforming Contract|1|4pm|||8|tr>=25|Earth|0|Venus|Requires that you have at least 25 TR. Increase your M€ production 4 steps.||||
253|Thermophiles|2||ores(Microbe,Venus)/(2nres:v)||9|v>=6|Microbe Venus|0|Venus|Requires Venus 6%.|Add 1 microbe to ANY Venus card, or spend 2 microbes here to raise Venus 1 step.|||'holds' => 'Microbe'
254|Water to Venus|3|v|||9||Space Event|0|Venus|Raise Venus 1 step.||||
255|Venus Governor|1|2pm|||4|tagVenus>=2|Venus Venus|0|Venus|Requires 2 Venus tags. Increase your M€ production 2 steps.||||
256|Venus Magnetizer|2||npe:v||7|v>=10|Venus|0|Venus|Requires Venus 10%.|Decrease your energy production 1 step to raise Venus 1 step.|||
257|Venus Soils|1|v,pp,2ores(Microbe)|||20||Plant Venus|0|Venus|Raise Venus 1 step. Increase your plant production 1 step. Add 2 microbes to ANOTHER card.||||
258|Venus Waystation|2|||onPay_tagVenus:2m|9||Space Venus|1|Venus|||When you play a Venus tag, you pay 2 M€ less for it.||
259|Venusian Animals|2|||play_tagScience:res|15|v>=18|Animal Science Venus|resCard|Venus|Requires Venus 18%.||When you play a Science tag, including this, add 1 animal to this card.|1 VP per animal on this card.|'holds' => 'Animal'
260|Venusian Insects|2||res||5|v>=12|Microbe Venus|resCard/2|Venus|Requires Venus 12%.|Add 1 microbe to this card.||1 VP per 2 microbes on this card.|'holds' => 'Microbe'
261|Venusian Plants|1|v,(ores(Microbe,Venus)/ores(Animal,Venus))|||13|v>=16|Plant Venus|1|Venus|Requires Venus 16%. Raise Venus 1 step. Add 1 microbe or 1 animal to ANOTHER Venus card.||||



#corp cards
#set id=card_corp_{num}
#set count=1
#set create=single
#set location=deck_corp
#set type=card corp venus_corp e{deck}
14|Aphrodite|4|pp||raise_v:2m:this:any|-47||Plant Venus|0|Venus|You start with 1 plant production and 47 M€.||Whenever Venus is terraformed 1 step, you gain 2 M€.||
15|Celestic|4||ores(Floater)||-42||Venus|resCard/3|Venus|You start with 42 M€. As your first action, reveal cards from the deck until you have revealed 2 cards with a floater icon on it. Take those 2 cards into hand and discard the rest.|Add a floater to ANY card.||1 VP per 3 floaters on this card.|'holds' => 'Floater','a1'=>'2draw(Floater)'
16|Manutech|4|ps|||-35||Building|0|Venus|You start with 1 steel production and 35 M€.||For each step you increase the production of a resource, including this, you also gain that resource.||
17|Morning Star Inc.|4|2pdeltav|||-50||Venus|0|Venus|You start with 50 M€. As your first action, reveal cards from the deck until you have revealed 3 Venus-tag cards. Take those into hand and discard the rest.||Your Venus requirements are +/- 2 steps, your choice in each case.||'a1'=>'3draw(Venus)'
18|Viron|4||reuse||-48||Microbe|0|Venus|You start with 48 M€.|Use a blue card action that has already been used this generation.|||

#standard project
#set id=card_stanproj_{num}
#set location=display_main
#set count=1
#set create=1
#set type=stanproj
9|Air Scrapping|0|v|||15||||Venus|For 15 M€ you get to increase Venus 1 step (and your TR)

#Milestones and awards, added on every map
#set _tr=text
#set type=
#set deck=Venus
#set id=milestone_{num}
#set php='vp'=>5
#set location=display_milestones
#set count=1
#set create=1
6|Hoverlord|7|resFloater|||8|(resFloater>=7)|||Venus|Having at least 7 floaters on your cards||||'min'=>7, 'vp'=>5
#set id=award_{num}
#set php=
#set location=display_awards
#set count=1
#set create=1
6|Venuphile|8|tagVenus|||20||||Venus|Having the most Venus tags in play.||||
